{
    "best_model_name": "Stacking",
    "dataset": "S06-hw-dataset-02.csv",
    "metrics": {
        "Accuracy": 0.9104444444444444,
        "F1": 0.8185502026114363,
        "ROC-AUC": 0.9309858343303052
    },
    "random_state": 42
}