{
    "Dummy": {
        "accuracy": 0.6766666666666666
    },
    "LogisticRegression": {
        "accuracy": 0.829,
        "f1": 0.7129266927811976,
        "roc_auc": 0.7840155400944593
    },
    "DecisionTree": {
        "accuracy": 0.779,
        "f1": 0.6594761171032357,
        "roc_auc": 0.7484155197806104
    },
    "RandomForest": {
        "accuracy": 0.9176666666666666,
        "f1": 0.8627015008337966,
        "roc_auc": 0.8869458128078818
    },
    "AdaBoost": {
        "accuracy": 0.8606666666666667,
        "f1": 0.7698237885462555,
        "roc_auc": 0.8241023817987914
    },
    "RandomForest_GridSearch": {
        "accuracy": 0.9696620283378193,
        "f1": 0.8902045209903121,
        "roc_auc": 0.9112640292519426
    },
    "Stacking": {
        "accuracy": 0.9213333333333333,
        "f1": 0.8763102725366876,
        "roc_auc": 0.9058046823421868
    }
}