{
    "Stacking":{
        "Accuracy":0.9104444444,
        "F1":0.8185502026,
        "ROC-AUC":0.9309858343
    },
    "RandomForest":{
        "Accuracy":0.8908888889,
        "F1":0.7551122195,
        "ROC-AUC":0.9287198269
    },
    "GradientBoosting":{
        "Accuracy":0.9042222222,
        "F1":0.8014739751,
        "ROC-AUC":0.9258270787
    },
    "DecisionTree":{
        "Accuracy":0.8322222222,
        "F1":0.6535107848,
        "ROC-AUC":0.8397019692
    },
    "LogReg":{
        "Accuracy":0.8162222222,
        "F1":0.5717244951,
        "ROC-AUC":0.8008904412
    },
    "Dummy":{
        "Accuracy":0.7373333333,
        "F1":0.0,
        "ROC-AUC":0.5
    }
}